query_id,query,relevance,correctness,groundedness,completeness,faithfulness,rationale
572a06af3f37b3190047866a,What pathway that plays a role in immune response to viruses is present in all eukaryotes?,4.0,5.0,5.0,4.0,5.0,"The answer correctly identifies the RNA interference pathway as conserved across all eukaryotes and relevant to viral immune response, directly answering the question. All claims are fully supported by the provided context. While it could provide additional details about mechanisms, it sufficiently covers the key point asked."
5726249538643c19005ad080,What was developed for the Air Force,5.0,5.0,5.0,4.0,5.0,"The answer directly addresses the question by identifying Baran as the developer of distributed adaptive message block switching for the US Air Force, with all details supported by the provided context."
57337ddc4776f41900660bbe,Why are the small lakes in the parks emptied before winter?,4.0,5.0,5.0,4.0,5.0,"The answer directly addresses the question by stating that small lakes in Warsaw's parks are emptied before winter to clean them of plants and sediments, which is supported by the retrieved context [1]. It is highly relevant, correct, grounded, and complete for the asked information, with no fabricated details."
57332e48d058e614000b5765,How many days did the Warsaw Uprising last?,5.0,5.0,5.0,4.0,5.0,"The answer directly states the duration of the Warsaw Uprising (63 days) which is explicitly mentioned in the retrieved context [1]. It is fully relevant, correct, and grounded by the provided information. Completeness could be improved slightly by mentioning the initial planned duration for context, but no false details are introduced."
56e16182e3433e1400422e29,By what main attribute are computational problems classified utilizing computational complexity theory?,4.0,4.0,3.0,4.0,4.0,"The answer correctly identifies that computational problems are classified by their inherent difficulty and resource requirements, which aligns with the context provided about complexity theory's focus on problem classification based on solution resources."
57097051ed30961900e84134,What did BSkyB name their interactive service?,4.0,5.0,5.0,4.0,5.0,"The answer directly addresses the question by stating that BSkyB named their interactive service 'Open', which was later rebranded as 'Sky Active'. This information is supported by the retrieved context [1]. The answer is highly relevant, correct, and complete for the asked query. No fabricated details are introduced."
571c3e8cdd7acb1400e4c0a6,What researcher showed that air is a necessity for combustion?,5.0,5.0,5.0,4.0,5.0,The answer directly addresses the question by naming Robert Boyle as the researcher who proved air is necessary for combustion and provides additional context about John Mayow's refinement of this concept. All information is supported by the retrieved context.
5ad0421177cf76001a686f15,How much did southern California grow in the year 2000?,2.0,2.0,2.0,2.0,2.0,"The answer correctly identifies the limitation in the provided context regarding specific yearly growth for Southern California in 2000, but it does not quantify any growth figures due to lack of relevant data."
57097b50200fba1400368050,What was the target percentage of households BSkyB wanted to reach?,4.0,5.0,5.0,4.0,5.0,"The answer directly states the target percentage (36%) of households BSkyB aimed to reach, which is supported by the context [1]. It is highly relevant, correct, and complete given the information provided."
5ad3ed37604f3c001a3ff7a1,At what degree are the pistons of a two-cylinder compound connected to the pistons?,4.0,4.0,4.0,4.0,4.0,"The answer is highly relevant as it directly addresses the degree of piston connection in a two-cylinder compound arrangement. It is correct based on the provided context which states that individual pistons within the group are usually balanced at 180° while groups are set at 90° to each other. The information is grounded in the specific detail from doc[1]. Completeness is achieved as it covers the key point about piston phase balance, and faithfulness is maintained by not introducing any external facts beyond what's provided."
